{"options":[{"enabled":false,"definition":{"id":"5d58cc01-7c75-450c-be18-a388ddb129ec"},"inputs":{"branchFilters":"[\"+refs/heads/*\"]","additionalFields":"{}"}},{"enabled":false,"definition":{"id":"a9db38f9-9fdc-478c-b0f9-464221e58316"},"inputs":{"workItemType":"2209792","assignToRequestor":"true","additionalFields":"{}"}}],"triggers":[{"branchFilters":["+refs/heads/master"],"pathFilters":[],"batchChanges":false,"maxConcurrentBuildsPerBranch":1,"pollingInterval":0,"triggerType":2}],"variables":{"BuildConfiguration":{"value":"debug","allowOverride":true},"system.debug":{"value":"false","allowOverride":true}},"properties":{},"tags":[],"_links":{"self":{"href":"https://dev.azure.com/12thdec2019/b9e97e25-a7b6-4a4c-8f4a-ce704f830c43/_apis/build/Definitions/2?revision=9"},"web":{"href":"https://dev.azure.com/12thdec2019/b9e97e25-a7b6-4a4c-8f4a-ce704f830c43/_build/definition?definitionId=2"},"editor":{"href":"https://dev.azure.com/12thdec2019/b9e97e25-a7b6-4a4c-8f4a-ce704f830c43/_build/designer?id=2&_a=edit-build-definition"},"badge":{"href":"https://dev.azure.com/12thdec2019/b9e97e25-a7b6-4a4c-8f4a-ce704f830c43/_apis/build/status/2"}},"jobAuthorizationScope":1,"jobTimeoutInMinutes":60,"jobCancelTimeoutInMinutes":5,"process":{"phases":[{"steps":[{"environment":{},"enabled":true,"continueOnError":false,"alwaysRun":false,"displayName":"Use Python 2.7","timeoutInMinutes":0,"condition":"succeeded()","task":{"id":"33c63b11-352b-45a2-ba1b-54cb568a29ca","versionSpec":"0.*","definitionType":"task"},"inputs":{"versionSpec":"2.7","addToPath":"true","architecture":"x64"}},{"environment":{},"enabled":true,"continueOnError":false,"alwaysRun":false,"displayName":"Use Node 6.12.3","timeoutInMinutes":0,"condition":"succeeded()","task":{"id":"31c75bbb-bcdf-4706-8d7c-4da6a1959bc2","versionSpec":"0.*","definitionType":"task"},"inputs":{"versionSpec":"6.12.3","checkLatest":"false"}},{"environment":{},"enabled":true,"continueOnError":false,"alwaysRun":false,"displayName":"dotnet, restore build and publish","timeoutInMinutes":0,"condition":"succeeded()","refName":"PowerShell1","task":{"id":"e213ff0f-5d5c-4791-802d-52ea3e7be1f1","versionSpec":"1.*","definitionType":"task"},"inputs":{"scriptType":"filePath","scriptName":"build.ps1","arguments":"$(BuildConfiguration) $(Build.SourcesDirectory) $(build.stagingDirectory)","workingFolder":"$(System.DefaultWorkingDirectory)","inlineScript":"# You can write your powershell scripts inline here. \n# You can also pass predefined and custom variables to this scripts using arguments\n\n Write-Host \"Hello World\"","failOnStandardError":"true"}},{"environment":{},"enabled":true,"continueOnError":false,"alwaysRun":false,"displayName":"Publish Test Results **/testresults.xml","timeoutInMinutes":0,"condition":"succeeded()","refName":"PublishTestResults2","task":{"id":"0b0f01ed-7dde-43ff-9cbb-e48954daf9b1","versionSpec":"2.*","definitionType":"task"},"inputs":{"testRunner":"VSTest","testResultsFiles":"**/testresults.xml","searchFolder":"$(System.DefaultWorkingDirectory)","mergeTestResults":"false","failTaskOnFailedTests":"false","testRunTitle":"","platform":"","configuration":"","publishRunAttachments":"true"}},{"environment":{},"enabled":true,"continueOnError":false,"alwaysRun":false,"displayName":"Copy Files to: $(build.stagingDirectory)\\drop","timeoutInMinutes":0,"condition":"succeeded()","task":{"id":"5bfb729a-a7c8-4a78-a7c3-8d717bb7c13c","versionSpec":"2.*","definitionType":"task"},"inputs":{"SourceFolder":"$(build.stagingDirectory)","Contents":"**\\*.zip","TargetFolder":"$(build.stagingDirectory)\\drop","CleanTargetFolder":"false","OverWrite":"false","flattenFolders":"false","preserveTimestamp":"false"}},{"environment":{},"enabled":true,"continueOnError":false,"alwaysRun":false,"displayName":"Publish Artifact: drop","timeoutInMinutes":0,"condition":"succeeded()","refName":"PublishBuildArtifacts4","task":{"id":"2ff763a7-ce83-4e1f-bc89-0ae63477cebe","versionSpec":"1.*","definitionType":"task"},"inputs":{"PathtoPublish":"$(build.artifactstagingdirectory)","ArtifactName":"drop","ArtifactType":"Container","TargetPath":"\\\\my\\share\\$(Build.DefinitionName)\\$(Build.BuildNumber)","Parallel":"false","ParallelCount":"8","FileCopyOptions":""}},{"environment":{},"enabled":true,"continueOnError":false,"alwaysRun":false,"displayName":"Publish Artifact: ARMTemplates","timeoutInMinutes":0,"condition":"succeeded()","refName":"PublishBuildArtifacts1","task":{"id":"2ff763a7-ce83-4e1f-bc89-0ae63477cebe","versionSpec":"1.*","definitionType":"task"},"inputs":{"PathtoPublish":"env/Templates","ArtifactName":"ARMTemplates","ArtifactType":"Container","TargetPath":"\\\\my\\share\\$(Build.DefinitionName)\\$(Build.BuildNumber)","Parallel":"false","ParallelCount":"8","FileCopyOptions":""}}],"name":"Phase 1","refName":"Job_1","condition":"succeeded()","target":{"executionOptions":{"type":0},"allowScriptsAuthAccessOption":false,"type":1},"jobAuthorizationScope":1,"jobCancelTimeoutInMinutes":1}],"target":{"agentSpecification":{"identifier":"vs2017-win2016"}},"type":1},"repository":{"properties":{"cleanOptions":"0","labelSources":"0","labelSourcesFormat":"$(build.buildNumber)","reportBuildStatus":"true","gitLfsSupport":"false","skipSyncSource":"false","checkoutNestedSubmodules":"false","fetchDepth":"0"},"id":"911f4a82-7adb-4151-8c6b-0ce2c39e002f","type":"TfsGit","name":"PU1","url":"https://dev.azure.com/12thdec2019/PU/_git/PU1","defaultBranch":"refs/heads/master","clean":"false","checkoutSubmodules":false},"processParameters":{},"quality":1,"authoredBy":{"displayName":"eamonn kelly","url":"https://spsprodweu2.vssps.visualstudio.com/A6ea59720-c5d4-4832-8871-10bc5412b4f1/_apis/Identities/e700fba4-bed4-6990-9caf-5a69dfd52362","_links":{"avatar":{"href":"https://dev.azure.com/12thdec2019/_apis/GraphProfile/MemberAvatars/msa.ZTcwMGZiYTQtYmVkNC03OTkwLTljYWYtNWE2OWRmZDUyMzYy"}},"id":"e700fba4-bed4-6990-9caf-5a69dfd52362","uniqueName":"test01ab@outlook.com","imageUrl":"https://dev.azure.com/12thdec2019/_apis/GraphProfile/MemberAvatars/msa.ZTcwMGZiYTQtYmVkNC03OTkwLTljYWYtNWE2OWRmZDUyMzYy","descriptor":"msa.ZTcwMGZiYTQtYmVkNC03OTkwLTljYWYtNWE2OWRmZDUyMzYy"},"drafts":[],"queue":{"_links":{"self":{"href":"https://dev.azure.com/12thdec2019/_apis/build/Queues/18"}},"id":18,"name":"Azure Pipelines","url":"https://dev.azure.com/12thdec2019/_apis/build/Queues/18","pool":{"id":9,"name":"Azure Pipelines","isHosted":true}},"id":2,"name":"PU1Builddef1","url":"https://dev.azure.com/12thdec2019/b9e97e25-a7b6-4a4c-8f4a-ce704f830c43/_apis/build/Definitions/2?revision=9","uri":"vstfs:///Build/Definition/2","path":"\\","type":2,"queueStatus":0,"revision":9,"createdDate":"2019-12-12T11:03:43.210Z","project":{"id":"b9e97e25-a7b6-4a4c-8f4a-ce704f830c43","name":"PU","url":"https://dev.azure.com/12thdec2019/_apis/projects/b9e97e25-a7b6-4a4c-8f4a-ce704f830c43","state":1,"revision":19,"visibility":0,"lastUpdateTime":"2019-12-12T10:13:51.250Z"}}