{
  "$schema": "http://schema.management.azure.com/schemas/2015-01-01/deploymentTemplate.json#",
  "contentVersion": "1.0.0.0",
  "parameters": {
    "WebsiteName": {
      "type": "string"
    },
    "PartsUnlimitedServerName": {
      "type": "string"
    },
    "PartsUnlimitedServerAdminLogin": {
      "type": "string",
      "defaultValue": "AdminUser"
    },
    "PartsUnlimitedServerAdminLoginPassword": {
      "type": "securestring"
    },
    "PartsUnlimitedServerAdminLoginPasswordForTest": {
      "type": "securestring"
    },
    "PartsUnlimitedDBName": {
      "type": "string",
      "defaultValue": "PartsUnlimitedDB"
    },
    "PartsUnlimitedDBCollation": {
      "type": "string",
      "defaultValue": "SQL_Latin1_General_CP1_CI_AS"
    },
    "PartsUnlimitedDBEdition": {
      "type": "string",
      "defaultValue": "Basic",
      "allowedValues": [
        "Basic",
        "Business",
        "Premium",
        "Standard",
        "Web"
      ]
    },
    "PartsUnlimitedHostingPlanName": {
      "type": "string"
    },
    "PartsUnlimitedHostingPlanSKU": {
      "type": "string",
      "allowedValues": [
        "Standard"
      ],
      "defaultValue": "Standard"
    },
    "PartsUnlimitedHostingPlanWorkerSize": {
      "type": "string",
      "allowedValues": [
        "0",
        "1",
        "2"
      ],
      "defaultValue": "0"
    },
    "EnableRules": {
      "type": "bool",
      "defaultValue": false
    },
    "CdnStorageAccountName": {
      "type": "string"
    },
    "ActionGroupName": {
      "type": "string",
      "defaultValue": "Alert Resource Owners"
    },
    "ActionGroupShortName": {
      "type": "string",
      "defaultValue": "Alert Owners"
    },
    "CdnStorageContainerName": {
      "type": "string"
    },
    "CdnStorageAccountNameForDev": {
      "type": "string"
    },
    "CdnStorageContainerNameForDev": {
      "type": "string"
    },
    "CdnStorageAccountNameForStaging": {
      "type": "string"
    },
    "CdnStorageContainerNameForStaging": {
      "type": "string"
    }
  },
  "variables": {
    "PartsUnlimitedServerName": "[toLower(parameters('PartsUnlimitedServerName'))]",
    "PartsUnlimitedServerNameDev": "[concat(variables('PartsUnlimitedServerName'), 'dev')]",
    "PartsUnlimitedServerNameStage": "[concat(variables('PartsUnlimitedServerName'), 'stage')]"
  },
  "resources": [
    {
      "name": "[variables('PartsUnlimitedServerName')]",
      "type": "Microsoft.Sql/servers",
      "location": "[resourceGroup().location]",
      "apiVersion": "2014-04-01-preview",
      "tags": {
        "displayName": "PartsUnlimitedServer"
      },
      "properties": {
        "administratorLogin": "[parameters('PartsUnlimitedServerAdminLogin')]",
        "administratorLoginPassword": "[parameters('PartsUnlimitedServerAdminLoginPassword')]"
      },
      "resources": [
        {
          "name": "[concat('AllowAllIps', variables('PartsUnlimitedServerName'))]",
          "type": "firewallrules",
          "location": "[resourceGroup().location]",
          "apiVersion": "2014-04-01-preview",
          "dependsOn": [
            "[resourceId('Microsoft.Sql/servers', variables('PartsUnlimitedServerName'))]"
          ],
          "properties": {
            "startIpAddress": "0.0.0.0",
            "endIpAddress": "0.0.0.0"
          }
        },
        {
          "name": "[parameters('PartsUnlimitedDBName')]",
          "type": "databases",
          "location": "[resourceGroup().location]",
          "apiVersion": "2014-04-01-preview",
          "dependsOn": [
            "[resourceId('Microsoft.Sql/servers', variables('PartsUnlimitedServerName'))]"
          ],
          "tags": {
            "displayName": "PartsUnlimitedDB"
          },
          "properties": {
            "collation": "[parameters('PartsUnlimitedDBCollation')]",
            "edition": "[parameters('PartsUnlimitedDBEdition')]",
            "maxSizeBytes": "1073741824"
          }
        }
      ]
    },
    {
      "name": "[variables('PartsUnlimitedServerNameDev')]",
      "type": "Microsoft.Sql/servers",
      "location": "[resourceGroup().location]",
      "apiVersion": "2014-04-01-preview",
      "dependsOn": [],
      "tags": {
        "displayName": "PartsUnlimitedServer"
      },
      "properties": {
        "administratorLogin": "[parameters('PartsUnlimitedServerAdminLogin')]",
        "administratorLoginPassword": "[parameters('PartsUnlimitedServerAdminLoginPasswordForTest')]"
      },
      "resources": [
        {
          "name": "[concat('AllowAllIps', variables('PartsUnlimitedServerNameDev'))]",
          "type": "firewallrules",
          "location": "[resourceGroup().location]",
          "apiVersion": "2014-04-01-preview",
          "dependsOn": [
            "[resourceId('Microsoft.Sql/servers', variables('PartsUnlimitedServerNameDev'))]"
          ],
          "properties": {
            "startIpAddress": "0.0.0.0",
            "endIpAddress": "0.0.0.0"
          }
        },
        {
          "name": "[parameters('PartsUnlimitedDBName')]",
          "type": "databases",
          "location": "[resourceGroup().location]",
          "apiVersion": "2014-04-01-preview",
          "dependsOn": [
            "[resourceId('Microsoft.Sql/servers', variables('PartsUnlimitedServerNameDev'))]"
          ],
          "tags": {
            "displayName": "PartsUnlimitedDB"
          },
          "properties": {
            "collation": "[parameters('PartsUnlimitedDBCollation')]",
            "edition": "[parameters('PartsUnlimitedDBEdition')]",
            "maxSizeBytes": "1073741824"
          }
        }
      ]
    },
    {
      "name": "[variables('PartsUnlimitedServerNameStage')]",
      "type": "Microsoft.Sql/servers",
      "location": "[resourceGroup().location]",
      "apiVersion": "2014-04-01-preview",
      "dependsOn": [],
      "tags": {
        "displayName": "PartsUnlimitedServer"
      },
      "properties": {
        "administratorLogin": "[parameters('PartsUnlimitedServerAdminLogin')]",
        "administratorLoginPassword": "[parameters('PartsUnlimitedServerAdminLoginPasswordForTest')]"
      },
      "resources": [
        {
          "name": "[concat('AllowAllIps', variables('PartsUnlimitedServerNameStage'))]",
          "type": "firewallrules",
          "location": "[resourceGroup().location]",
          "apiVersion": "2014-04-01-preview",
          "dependsOn": [
            "[resourceId('Microsoft.Sql/servers', variables('PartsUnlimitedServerNameStage'))]"
          ],
          "properties": {
            "startIpAddress": "0.0.0.0",
            "endIpAddress": "0.0.0.0"
          }
        },
        {
          "name": "[parameters('PartsUnlimitedDBName')]",
          "type": "databases",
          "location": "[resourceGroup().location]",
          "apiVersion": "2014-04-01-preview",
          "dependsOn": [
            "[resourceId('Microsoft.Sql/servers', variables('PartsUnlimitedServerNameStage'))]"
          ],
          "tags": {
            "displayName": "PartsUnlimitedDB"
          },
          "properties": {
            "collation": "[parameters('PartsUnlimitedDBCollation')]",
            "edition": "[parameters('PartsUnlimitedDBEdition')]",
            "maxSizeBytes": "1073741824"
          }
        }
      ]
    },
    {
      "name": "[concat(parameters('WebsiteName'), '-Insights')]",
      "type": "Microsoft.Insights/components",
      "location": "East US",
      "apiVersion": "2014-04-01",
      "tags": {
        "displayName": "insightsComponents"
      },
      "properties": {
        "ApplicationId": "[concat(parameters('WebsiteName'), '-Insights')]"
      }
    },
    {
      "name": "[concat(parameters('WebsiteName'), '-DevInsights')]",
      "type": "Microsoft.Insights/components",
      "location": "East US",
      "apiVersion": "2014-04-01",
      "tags": {
        "displayName": "insightsComponents"
      },
      "properties": {
        "ApplicationId": "[concat(parameters('WebsiteName'), '-DevInsights')]"
      }
    },
    {
      "name": "[concat(parameters('WebsiteName'), '-StagingInsights')]",
      "type": "Microsoft.Insights/components",
      "location": "East US",
      "apiVersion": "2014-04-01",
      "tags": {
        "displayName": "insightsComponents"
      },
      "properties": {
        "ApplicationId": "[concat(parameters('WebsiteName'), '-StagingInsights')]"
      }
    },
    {
      "name": "[parameters('PartsUnlimitedHostingPlanName')]",
      "type": "Microsoft.Web/serverfarms",
      "location": "[resourceGroup().location]",
      "apiVersion": "2014-06-01",
      "dependsOn": [],
      "tags": {
        "displayName": "PartsUnlimitedHostingPlan"
      },
      "properties": {
        "name": "[parameters('PartsUnlimitedHostingPlanName')]",
        "sku": "[parameters('PartsUnlimitedHostingPlanSKU')]",
        "workerSize": "[parameters('PartsUnlimitedHostingPlanWorkerSize')]",
        "numberOfWorkers": 1
      }
    },
    {
      "name": "[concat(parameters('PartsUnlimitedHostingPlanName'), '-', resourceGroup().name)]",
      "type": "Microsoft.Insights/autoscalesettings",
      "location": "East US",
      "apiVersion": "2014-04-01",
      "dependsOn": [
        "[resourceId('Microsoft.Web/serverfarms', parameters('PartsUnlimitedHostingPlanName'))]"
      ],
      "tags": {
        "[concat('hidden-link:', resourceGroup().id, '/providers/Microsoft.Web/serverfarms/', parameters('PartsUnlimitedHostingPlanName'))]": "Resource",
        "displayName": "WebsiteHostingPlanAutoScale"
      },
      "properties": {
        "name": "[concat(parameters('PartsUnlimitedHostingPlanName'), '-', resourceGroup().name)]",
        "profiles": [
          {
            "name": "Default",
            "capacity": {
              "minimum": "1",
              "maximum": "4",
              "default": "1"
            },
            "rules": [
              {
                "metricTrigger": {
                  "metricName": "CpuPercentage",
                  "metricResourceUri": "[concat(resourceGroup().id, '/providers/Microsoft.Web/serverfarms/', parameters('PartsUnlimitedHostingPlanName'))]",
                  "timeGrain": "PT1M",
                  "statistic": "Average",
                  "timeWindow": "PT10M",
                  "timeAggregation": "Average",
                  "operator": "GreaterThan",
                  "threshold": 80
                },
                "scaleAction": {
                  "direction": "Increase",
                  "type": "ChangeCount",
                  "value": "1",
                  "cooldown": "PT10M"
                }
              },
              {
                "metricTrigger": {
                  "metricName": "CpuPercentage",
                  "metricResourceUri": "[concat(resourceGroup().id, '/providers/Microsoft.Web/serverfarms/', parameters('PartsUnlimitedHostingPlanName'))]",
                  "timeGrain": "PT1M",
                  "statistic": "Average",
                  "timeWindow": "PT1H",
                  "timeAggregation": "Average",
                  "operator": "LessThan",
                  "threshold": 60
                },
                "scaleAction": {
                  "direction": "Decrease",
                  "type": "ChangeCount",
                  "value": "1",
                  "cooldown": "PT1H"
                }
              }
            ]
          }
        ],
        "enabled": "[parameters('EnableRules')]",
        "targetResourceUri": "[concat(resourceGroup().id, '/providers/Microsoft.Web/serverfarms/', parameters('PartsUnlimitedHostingPlanName'))]"
      }
    },
    {
      "type": "Microsoft.Insights/actionGroups",
      "apiVersion": "2018-03-01",
      "name": "[parameters('ActionGroupName')]",
      "location": "Global",
      "properties": {
        "groupShortName": "[parameters('ActionGroupShortName')]",
        "enabled": true,
        //"smsReceivers": [
        // {
        //  "name": "contosoSMS",
        //  "countryCode": "1",
        //  "phoneNumber": "5555551212"
        //},
        // {
        //   "name": "contosoSMS2",
        //  "countryCode": "1",
        //   "phoneNumber": "5555552121"
        // }
        // ],
        "emailReceivers": [
          {
            "name": "contosoEmail",
            "emailAddress": "devops@contoso.com"
          },
          {
            "name": "contosoEmail2",
            "emailAddress": "devops2@contoso.com"
          }
        ]
        //"webhookReceivers": [
        //  {
        //   "name": "contosoHook",
        //   "serviceUri": "http://requestb.in/1bq62iu1"
        // },
        // {
        //   "name": "contosoHook2",
        //    "serviceUri": "http://requestb.in/1bq62iu2"
        // }
        //]
      }
    },
    {
      "name": "[concat('CPUHigh ', parameters('PartsUnlimitedHostingPlanName'))]",
      "type": "Microsoft.Insights/metricAlerts",
      "location": "global",
      "apiVersion": "2018-03-01",
      "dependsOn": [
        "[resourceId('Microsoft.Web/serverfarms', parameters('PartsUnlimitedHostingPlanName'))]"
      ],
      "tags": {
        "[concat('hidden-link:', resourceGroup().id, '/providers/Microsoft.Web/serverfarms/', parameters('PartsUnlimitedHostingPlanName'))]": "Resource",
        "displayName": "WebsiteHostingPlanCPUHigh"
      },
      "properties": {
        "name": "[concat('CPUHigh', parameters('PartsUnlimitedHostingPlanName'))]",
        "description": "[concat('The average CPU is high across all the instances of ', parameters('PartsUnlimitedHostingPlanName'))]",
        "severity": 3,
        "enabled": "[parameters('EnableRules')]",
        "scopes": [
          "[concat('/subscriptions/', subscription().subscriptionId, '/resourceGroups/', resourcegroup().name, '/providers/Microsoft.Web/serverfarms/', parameters('PartsUnlimitedHostingPlanName'))]"
        ],
        "evaluationFrequency": "PT1M",
        "windowSize": "PT5M",
        "criteria": {
          "odata.type": "Microsoft.Azure.Monitor.SingleResourceMultipleMetricCriteria",
          "allof": [
            {
              "criterionType": "StaticThresholdCriterion",
              "name": "CPU High",
              "metricName": "CpuPercentage",
              "metricNamespace": "Microsoft.Web/serverFarms",
              "operator": "GreaterThan",
              "timeAggregation": "Average",
              "dimensions": [],
              "alertSensitivity": "Medium",
              "threshold": 90
            }
          ]
        },
        "autoMitigate": false,
        "actions": [
          {
            "actionGroupId": "[concat('/subscriptions/', subscription().subscriptionId, '/resourceGroups/', resourcegroup().name, '/providers/Microsoft.insights/actiongroups/', parameters('ActionGroupName'))]"

          }
        ]
      }
    },
    {
      "name": "[concat('LongHttpQueue ', parameters('PartsUnlimitedHostingPlanName'))]",
      "type": "Microsoft.Insights/metricAlerts",
      "location": "global",
      "apiVersion": "2018-03-01",
      "dependsOn": [
        "[resourceId('Microsoft.Web/serverfarms', parameters('PartsUnlimitedHostingPlanName'))]"
      ],
      "tags": {
        "[concat('hidden-link:', resourceGroup().id, '/providers/Microsoft.Web/serverfarms/', parameters('PartsUnlimitedHostingPlanName'))]": "Resource",
        "displayName": "WebsiteHostingPlanLongHttpQueue"
      },
      "properties": {
        "name": "[concat('LongHttpQueue', parameters('PartsUnlimitedHostingPlanName'))]",
        "description": "[concat('The HTTP queue for the instances of ', parameters('PartsUnlimitedHostingPlanName'), ' has a large number of pending requests.')]",
        "severity": 3,
        "enabled": "[parameters('EnableRules')]",
        "scopes": [
          "[concat('/subscriptions/', subscription().subscriptionId, '/resourceGroups/', resourcegroup().name, '/providers/Microsoft.Web/serverfarms/', parameters('PartsUnlimitedHostingPlanName'))]"
        ],
        "evaluationFrequency": "PT1M",
        "windowSize": "PT5M",
        "criteria": {
          "odata.type": "Microsoft.Azure.Monitor.SingleResourceMultipleMetricCriteria",
          "allof": [
            {
              "criterionType": "StaticThresholdCriterion",
              "name": "Long HTTP Queue",
              "metricName": "HttpQueueLength",
              "metricNamespace": "Microsoft.Web/serverFarms",
              "operator": "GreaterThan",
              "timeAggregation": "Average",
              "dimensions": [],
              "alertSensitivity": "Medium",
              "threshold": 100
            }
          ]
        },
        "autoMitigate": false,
        "actions": [
          {
            "actionGroupId": "[concat('/subscriptions/', subscription().subscriptionId, '/resourceGroups/', resourcegroup().name, '/providers/Microsoft.insights/actiongroups/', parameters('ActionGroupName'))]"

          }
        ]
      }
    },
    {
      "name": "[concat('ForbiddenRequests - http 403 errors ', parameters('WebsiteName'))]",
      "type": "Microsoft.Insights/metricAlerts",
      "location": "global",
      "apiVersion": "2018-03-01",
      "dependsOn": [
        "[resourceId('Microsoft.Web/sites', parameters('WebsiteName'))]"
      ],
      "tags": {
        "[concat('hidden-link:', resourceGroup().id, '/providers/Microsoft.Web/sites/', parameters('WebsiteName'))]": "Resource",
        "displayName": "ForbiddenRequests - http 403 errors"
      },
      "properties": {
        "name": "[concat('ForbiddenRequests - HTTP 403 errors', parameters('WebsiteName'))]",
        "description": "[concat(parameters('WebsiteName'), ' has some requests that are forbidden, status code 403.')]",
        "severity": 2,
        "enabled": "[parameters('EnableRules')]",
        "scopes": [
          "[concat('/subscriptions/', subscription().subscriptionId, '/resourceGroups/', resourcegroup().name, '/providers/Microsoft.Web/sites/', parameters('WebsiteName'))]"
        ],
        "evaluationFrequency": "PT1M",
        "windowSize": "PT5M",
        "criteria": {
          "odata.type": "Microsoft.Azure.Monitor.SingleResourceMultipleMetricCriteria",
          "allof": [
            {
              "criterionType": "StaticThresholdCriterion",
              "name": "Forbidden Requests",
              "metricName": "Http403",
              "metricNamespace": "Microsoft.Web/sites",
              "operator": "GreaterThanOrEqual",
              "timeAggregation": "Count",
              "threshold": 1
            }
          ]
        },
        "autoMitigate": false,
        "actions": [
          {
            "actionGroupId": "[concat('/subscriptions/', subscription().subscriptionId, '/resourceGroups/', resourcegroup().name, '/providers/Microsoft.insights/actiongroups/', parameters('ActionGroupName'))]"

          }
        ]
      }
    },
    {
      "name": "[concat('ServerErrors ', parameters('WebsiteName'))]",
      "type": "Microsoft.Insights/metricAlerts",
      "location": "global",
      "apiVersion": "2018-03-01",
      "dependsOn": [
        "[resourceId('Microsoft.Web/sites', parameters('WebsiteName'))]"
      ],
      "tags": {
        "[concat('hidden-link:', resourceGroup().id, '/providers/Microsoft.Web/sites/', parameters('WebsiteName'))]": "Resource",
        "displayName": "ServerErrors - http 5xx errors"
      },
      "properties": {
        "name": "[concat('ServerErrors - HTTP 5xx errors ', parameters('WebsiteName'))]",
        "description": "[concat(parameters('WebsiteName'), ' has some server errors, status code 5xx.')]",
        "severity": 2,
        "enabled": "[parameters('EnableRules')]",
        "scopes": [
          "[concat('/subscriptions/', subscription().subscriptionId, '/resourceGroups/', resourcegroup().name, '/providers/Microsoft.Web/sites/', parameters('WebsiteName'))]"
        ],
        "evaluationFrequency": "PT1M",
        "windowSize": "PT5M",
        "criteria": {
          "odata.type": "Microsoft.Azure.Monitor.SingleResourceMultipleMetricCriteria",
          "allof": [
            {
              "criterionType": "StaticThresholdCriterion",
              "name": "Server Errors",
              "metricName": "Http5xx",
              "metricNamespace": "Microsoft.Web/sites",
              "operator": "GreaterThanOrEqual",
              "timeAggregation": "Count",
              "threshold": 1
            }
          ]
        },
        "autoMitigate": false,
        "actions": [
          {
            "actionGroupId": "[concat('/subscriptions/', subscription().subscriptionId, '/resourceGroups/', resourcegroup().name, '/providers/Microsoft.insights/actiongroups/', parameters('ActionGroupName'))]"

          }
        ]
      }
    },
    {
      "name": "[parameters('WebSiteName')]",
      "type": "Microsoft.Web/sites",
      "dependsOn": [
        "[resourceId('Microsoft.Web/serverfarms', parameters('PartsUnlimitedHostingPlanName'))]",
        "[resourceId('Microsoft.Sql/servers', variables('PartsUnlimitedServerName'))]",
        "[resourceId('Microsoft.Sql/servers', variables('PartsUnlimitedServerNameDev'))]",
        "[resourceId('Microsoft.Sql/servers', variables('PartsUnlimitedServerNameStage'))]",
        "[resourceId('Microsoft.Insights/components', concat(parameters('WebsiteName'), '-Insights'))]",
        "[resourceId('Microsoft.Insights/components', concat(parameters('WebSiteName'), '-DevInsights'))]",
        "[resourceId('Microsoft.Insights/components', concat(parameters('WebSiteName'), '-StagingInsights'))]"
      ],
      "location": "[resourceGroup().location]",
      "apiVersion": "2014-06-01",
      "tags": {
        "[concat('hidden-related:', resourceGroup().id, '/providers/Microsoft.Web/serverfarms/', parameters('PartsUnlimitedHostingPlanName'))]": "Resource",
        "displayName": "PartsUnlimitedWebsite"
      },
      "properties": {
        "name": "[parameters('WebsiteName')]",
        "serverFarm": "[parameters('PartsUnlimitedHostingPlanName')]"
      },
      "resources": [
        {
          "name": "connectionstrings",
          "type": "config",
          "apiVersion": "2014-11-01",
          "dependsOn": [
            "[resourceId('Microsoft.Web/sites/', parameters('WebSiteName'))]"
          ],
          "properties": {
            "DefaultConnectionString": {
              "value": "[concat('Data Source=tcp:', reference(concat('Microsoft.Sql/servers/', variables('PartsUnlimitedServerName'))).fullyQualifiedDomainName, ',1433;Initial Catalog=', parameters('PartsUnlimitedDBName'), ';User Id=', parameters ('PartsUnlimitedServerAdminLogin'), '@', variables('PartsUnlimitedServerName'), ';Password=', parameters('PartsUnlimitedServerAdminLoginPassword'), ';')]",
              "type": "SQLAzure"
            }
          }
        },
        {
          "name": "appsettings",
          "type": "config",
          "apiVersion": "2014-11-01",
          "dependsOn": [
            "[resourceId('Microsoft.Web/sites', parameters('WebSiteName'))]"
          ],
          "properties": {
            "APPINSIGHTS_INSTRUMENTATIONKEY": "[reference(concat('Microsoft.Insights/components/', parameters('WebsiteName'), '-Insights')).InstrumentationKey]",
            "Keys:ApplicationInsights:InstrumentationKey": "[reference(concat('Microsoft.Insights/components/', parameters('WebsiteName'), '-Insights')).InstrumentationKey]"
          }
        },
        {
          "name": "slotconfignames",
          "type": "config",
          "apiVersion": "2014-11-01",
          "dependsOn": [
            "[resourceId('Microsoft.Web/sites', parameters('WebSiteName'))]"
          ],
          "properties": {
            "connectionStringNames": [
              "DefaultConnectionString"
            ],
            "appSettingNames": [
              "APPINSIGHTS_INSTRUMENTATIONKEY",
              "Keys:ApplicationInsights:InstrumentationKey"
            ]
          }
        },
        {
          "name": "Dev",
          "type": "slots",
          "location": "[resourceGroup().location]",
          "apiVersion": "2014-11-01",
          "dependsOn": [
            "[resourceId('Microsoft.Web/sites', parameters('WebSiteName'))]"
          ],
          "properties": {},
          "resources": [
            {
              "name": "connectionstrings",
              "type": "config",
              "apiVersion": "2014-11-01",
              "dependsOn": [
                "[resourceId('Microsoft.Web/sites/slots', parameters('WebSiteName'), 'Dev')]"
              ],
              "properties": {
                "DefaultConnectionString": {
                  "value": "[concat('Data Source=tcp:', reference(concat('Microsoft.Sql/servers/', variables('PartsUnlimitedServerNameDev'))).fullyQualifiedDomainName, ',1433;Initial Catalog=', parameters('PartsUnlimitedDBName'), ';User Id=', parameters ('PartsUnlimitedServerAdminLogin'), '@', variables('PartsUnlimitedServerNameDev'), ';Password=', parameters('PartsUnlimitedServerAdminLoginPasswordForTest'), ';')]",
                  "type": "SQLAzure"
                }
              }
            },
            {
              "name": "appsettings",
              "type": "config",
              "apiVersion": "2014-11-01",
              "dependsOn": [
                "[resourceId('Microsoft.Web/sites/slots', parameters('WebSiteName'), 'Dev')]"
              ],
              "properties": {
                "APPINSIGHTS_INSTRUMENTATIONKEY": "[reference(concat('Microsoft.Insights/components/', parameters('WebsiteName'), '-DevInsights')).InstrumentationKey]",
                "Keys:ApplicationInsights:InstrumentationKey": "[reference(concat('Microsoft.Insights/components/', parameters('WebsiteName'), '-DevInsights')).InstrumentationKey]"
              }
            }
          ]
        },
        {
          "name": "Staging",
          "type": "slots",
          "location": "[resourceGroup().location]",
          "apiVersion": "2014-11-01",
          "dependsOn": [
            "[resourceId('Microsoft.Web/sites', parameters('WebSiteName'))]"
          ],
          "properties": {},
          "resources": [
            {
              "name": "connectionstrings",
              "type": "config",
              "apiVersion": "2014-11-01",
              "dependsOn": [
                "[resourceId('Microsoft.Web/sites/slots', parameters('WebSiteName'), 'Staging')]"
              ],
              "properties": {
                "DefaultConnectionString": {
                  "value": "[concat('Data Source=tcp:', reference(concat('Microsoft.Sql/servers/', variables('PartsUnlimitedServerNameStage'))).fullyQualifiedDomainName, ',1433;Initial Catalog=', parameters('PartsUnlimitedDBName'), ';User Id=', parameters ('PartsUnlimitedServerAdminLogin'), '@', variables('PartsUnlimitedServerNameStage'), ';Password=', parameters('PartsUnlimitedServerAdminLoginPasswordForTest'), ';')]",
                  "type": "SQLAzure"
                }
              }
            },
            {
              "name": "appsettings",
              "type": "config",
              "apiVersion": "2014-11-01",
              "dependsOn": [
                "[resourceId('Microsoft.Web/sites/slots', parameters('WebSiteName'), 'Staging')]"
              ],
              "properties": {
                "APPINSIGHTS_INSTRUMENTATIONKEY": "[reference(concat('Microsoft.Insights/components/', parameters('WebsiteName'), '-StagingInsights')).InstrumentationKey]",
                "Keys:ApplicationInsights:InstrumentationKey": "[reference(concat('Microsoft.Insights/components/', parameters('WebsiteName'), '-StagingInsights')).InstrumentationKey]"
              }
            }
          ]
        }
      ]
    }
  ]
}