{
    "source": 2,
    "revision": 5,
    "description": null,
    "createdBy": {
       "displayName": "",
       "url": "",
       "_links": {
          "avatar": {
             "href": ""
          }
       },
       "id": "",
       "uniqueName": "m",
       "imageUrl": "",
       "descriptor": ""
    },
    "createdOn": "2019-04-09T23:15:50.757Z",
    "modifiedBy": {
       "displayName": "",
       "url": "",
       "_links": {
          "avatar": {
             "href": ""
          }
       },
       "id": "",
       "uniqueName": "",
       "imageUrl": "",
       "descriptor": ""
    },
    "modifiedOn": "2019-04-09T23:42:12.520Z",
    "isDeleted": false,
    "variables": {
       "AdminPassword": {
          "value": "Passw0rd0134!"
       },
       "AdminTestPassword": {
          "value": "Passw0rd0134!"
       },
       "ContainerName": {
          "value": "cntrnmek078"
       },
       "HostingPlan": {
          "value": "hpek078"
       },
       "ResourceGroupName": {
          "value": "purgek078"
       },
       "ServerName": {
          "value": "pusrvnmek078"
       },
       "StorageAccountName": {
          "value": "stracnmek078"
       },
       "WebsiteName": {
          "value": "puwebek078"
       }
    },
    "variableGroups": [],
    "environments": [
       {
          "id": 2,
          "name": "Dev",
          "rank": 1,
          "owner": {
             "displayName": "",
             "url": "",
             "_links": {
                "avatar": {
                   "href": ""
                }
             },
             "id": "7342e401-5056-46c5-83d9-755c4d98e3b5",
             "uniqueName": "",
             "imageUrl": "",
             "descriptor": ""
          },
          "variables": {},
          "variableGroups": [],
          "preDeployApprovals": {
             "approvals": [
                {
                   "rank": 1,
                   "isAutomated": true,
                   "isNotificationOn": false,
                   "id": 4
                }
             ],
             "approvalOptions": {
                "requiredApproverCount": null,
                "releaseCreatorCanBeApprover": false,
                "autoTriggeredAndPreviousEnvironmentApprovedCanBeSkipped": false,
                "enforceIdentityRevalidation": false,
                "timeoutInMinutes": 0,
                "executionOrder": 1
             }
          },
          "deployStep": {
             "id": 9
          },
          "postDeployApprovals": {
             "approvals": [
                {
                   "rank": 1,
                   "isAutomated": true,
                   "isNotificationOn": false,
                   "id": 10
                }
             ],
             "approvalOptions": {
                "requiredApproverCount": null,
                "releaseCreatorCanBeApprover": false,
                "autoTriggeredAndPreviousEnvironmentApprovedCanBeSkipped": false,
                "enforceIdentityRevalidation": false,
                "timeoutInMinutes": 0,
                "executionOrder": 2
             }
          },
          "deployPhases": [
             {
                "deploymentInput": {
                   "parallelExecution": {
                      "parallelExecutionType": 0
                   },
                   "skipArtifactsDownload": false,
                   "artifactsDownloadInput": {
                      "downloadInputs": [
                         {
                            "alias": "_Parts-Unlimited-CI-import",
                            "artifactType": "Build",
                            "artifactDownloadMode": "All",
                            "artifactItems": []
                         }
                      ]
                   },
                   "queueId": 11,
                   "demands": [],
                   "enableAccessToken": false,
                   "timeoutInMinutes": 0,
                   "jobCancelTimeoutInMinutes": 1,
                   "condition": "succeeded()",
                   "overrideInputs": {}
                },
                "rank": 1,
                "phaseType": 1,
                "name": "Agent job",
                "refName": null,
                "workflowTasks": [
                   {
                      "environment": {},
                      "taskId": "94a74903-f93f-4075-884f-dc11f34058b4",
                      "version": "2.*",
                      "name": "Azure Deployment:Create Or Update Resource Group action on $(ResourceGroupName)",
                      "refName": "",
                      "enabled": true,
                      "alwaysRun": false,
                      "continueOnError": false,
                      "timeoutInMinutes": 0,
                      "definitionType": "task",
                      "overrideInputs": {},
                      "condition": "succeeded()",
                      "inputs": {
                         "ConnectedServiceName": "d160e23d-4dcd-4026-ad57-10dd57f21390",
                         "action": "Create Or Update Resource Group",
                         "resourceGroupName": "$(ResourceGroupName)",
                         "location": "West Europe",
                         "templateLocation": "Linked artifact",
                         "csmFileLink": "",
                         "csmParametersFileLink": "",
                         "csmFile": "$(System.DefaultWorkingDirectory)/_Parts-Unlimited-CI-import/ARMTemplates/FullEnvironmentSetupMerged.json",
                         "csmParametersFile": "$(System.DefaultWorkingDirectory)/_Parts-Unlimited-CI-import/ARMTemplates/FullEnvironmentSetupMerged.param.json",
                         "overrideParameters": "-WebsiteName $(WebsiteName) -PartsUnlimitedServerName $(ServerName) -PartsUnlimitedHostingPlanName $(HostingPlan) -CdnStorageAccountName $(StorageAccountName) -CdnStorageContainerName $(ContainerName) -CdnStorageAccountNameForDev $(StorageAccountName)-dev -CdnStorageContainerNameForDev $(ContainerName)-dev -CdnStorageAccountNameForStaging $(StorageAccountName)-stage -CdnStorageContainerNameForStaging $(ContainerName)-stage -PartsUnlimitedServerAdminLoginPassword (ConvertTo-SecureString -String '$(AdminPassword)' -AsPlainText -Force) -PartsUnlimitedServerAdminLoginPasswordForTest (ConvertTo-SecureString -String '$(AdminTestPassword)' -AsPlainText -Force)",
                         "deploymentMode": "Incremental",
                         "enableDeploymentPrerequisites": "None",
                         "deploymentGroupEndpoint": "",
                         "project": "",
                         "deploymentGroupName": "",
                         "copyAzureVMTags": "true",
                         "runAgentServiceAsUser": "false",
                         "userName": "",
                         "password": "",
                         "outputVariable": "",
                         "deploymentName": "",
                         "deploymentOutputs": "",
                         "addSpnToEnvironment": "false"
                      }
                   },
                   {
                      "environment": {},
                      "taskId": "497d490f-eea7-4f2b-ab94-48d9c1acdcb1",
                      "version": "4.*",
                      "name": "Azure App Service Deploy: $(WebsiteName)",
                      "refName": "",
                      "enabled": true,
                      "alwaysRun": false,
                      "continueOnError": false,
                      "timeoutInMinutes": 0,
                      "definitionType": "task",
                      "overrideInputs": {},
                      "condition": "succeeded()",
                      "inputs": {
                         "ConnectionType": "AzureRM",
                         "ConnectedServiceName": "d160e23d-4dcd-4026-ad57-10dd57f21390",
                         "PublishProfilePath": "$(System.DefaultWorkingDirectory)/**/*.pubxml",
                         "PublishProfilePassword": "",
                         "WebAppKind": "webApp",
                         "WebAppName": "$(WebsiteName)",
                         "DeployToSlotOrASEFlag": "true",
                         "ResourceGroupName": "$(ResourceGroupName)",
                         "SlotName": "dev",
                         "DockerNamespace": "",
                         "DockerRepository": "",
                         "DockerImageTag": "",
                         "VirtualApplication": "",
                         "Package": "$(System.DefaultWorkingDirectory)/_Parts-Unlimited-CI-import/drop/partsunlimited.zip",
                         "RuntimeStack": "",
                         "RuntimeStackFunction": "",
                         "StartupCommand": "",
                         "ScriptType": "",
                         "InlineScript": ":: You can provide your deployment commands here. One command per line.",
                         "ScriptPath": "",
                         "WebConfigParameters": "",
                         "AppSettings": "",
                         "ConfigurationSettings": "",
                         "UseWebDeploy": "false",
                         "DeploymentType": "webDeploy",
                         "TakeAppOfflineFlag": "true",
                         "SetParametersFile": "",
                         "RemoveAdditionalFilesFlag": "false",
                         "ExcludeFilesFromAppDataFlag": "true",
                         "AdditionalArguments": "-retryAttempts:6 -retryInterval:10000",
                         "RenameFilesFlag": "true",
                         "XmlTransformation": "false",
                         "XmlVariableSubstitution": "false",
                         "JSONFiles": ""
                      }
                   }
                ]
             }
          ],
          "environmentOptions": {
             "emailNotificationType": "OnlyOnFailure",
             "emailRecipients": "release.environment.owner;release.creator",
             "skipArtifactsDownload": false,
             "timeoutInMinutes": 0,
             "enableAccessToken": false,
             "publishDeploymentStatus": true,
             "badgeEnabled": false,
             "autoLinkWorkItems": false,
             "pullRequestDeploymentEnabled": false
          },
          "demands": [],
          "conditions": [
             {
                "name": "ReleaseStarted",
                "conditionType": 1,
                "value": ""
             }
          ],
          "executionPolicy": {
             "concurrencyCount": 1,
             "queueDepthCount": 0
          },
          "schedules": [],
          "currentRelease": {
             "id": 4,
             "url": "",
             "_links": {}
          },
          "retentionPolicy": {
             "daysToKeep": 30,
             "releasesToKeep": 3,
             "retainBuild": true
          },
          "processParameters": {},
          "properties": {},
          "preDeploymentGates": {
             "id": 0,
             "gatesOptions": null,
             "gates": []
          },
          "postDeploymentGates": {
             "id": 0,
             "gatesOptions": null,
             "gates": []
          },
          "environmentTriggers": [],
          "badgeUrl": ""
       },
       {
          "id": 3,
          "name": "Staging",
          "rank": 2,
          "owner": {
             "displayName": "",
             "url": "",
             "_links": {
                "avatar": {
                   "href": ""
                }
             },
             "id": "7342e401-5056-46c5-83d9-755c4d98e3b5",
             "uniqueName": "",
             "imageUrl": "",
             "descriptor": ""
          },
          "variables": {},
          "variableGroups": [],
          "preDeployApprovals": {
             "approvals": [
                {
                   "rank": 1,
                   "isAutomated": true,
                   "isNotificationOn": false,
                   "id": 5
                }
             ],
             "approvalOptions": {
                "requiredApproverCount": null,
                "releaseCreatorCanBeApprover": false,
                "autoTriggeredAndPreviousEnvironmentApprovedCanBeSkipped": false,
                "enforceIdentityRevalidation": false,
                "timeoutInMinutes": 0,
                "executionOrder": 1
             }
          },
          "deployStep": {
             "id": 8
          },
          "postDeployApprovals": {
             "approvals": [
                {
                   "rank": 1,
                   "isAutomated": true,
                   "isNotificationOn": false,
                   "id": 11
                }
             ],
             "approvalOptions": {
                "requiredApproverCount": null,
                "releaseCreatorCanBeApprover": false,
                "autoTriggeredAndPreviousEnvironmentApprovedCanBeSkipped": false,
                "enforceIdentityRevalidation": false,
                "timeoutInMinutes": 0,
                "executionOrder": 2
             }
          },
          "deployPhases": [
             {
                "deploymentInput": {
                   "parallelExecution": {
                      "parallelExecutionType": 0
                   },
                   "skipArtifactsDownload": false,
                   "artifactsDownloadInput": {
                      "downloadInputs": [
                         {
                            "alias": "_Parts-Unlimited-CI-import",
                            "artifactType": "Build",
                            "artifactDownloadMode": "All",
                            "artifactItems": []
                         }
                      ]
                   },
                   "queueId": 11,
                   "demands": [],
                   "enableAccessToken": false,
                   "timeoutInMinutes": 0,
                   "jobCancelTimeoutInMinutes": 1,
                   "condition": "succeeded()",
                   "overrideInputs": {}
                },
                "rank": 1,
                "phaseType": 1,
                "name": "Agent job",
                "refName": null,
                "workflowTasks": [
                   {
                      "environment": {},
                      "taskId": "497d490f-eea7-4f2b-ab94-48d9c1acdcb1",
                      "version": "4.*",
                      "name": "Azure App Service Deploy: $(WebsiteName)",
                      "refName": "",
                      "enabled": true,
                      "alwaysRun": false,
                      "continueOnError": false,
                      "timeoutInMinutes": 0,
                      "definitionType": "task",
                      "overrideInputs": {},
                      "condition": "succeeded()",
                      "inputs": {
                         "ConnectionType": "AzureRM",
                         "ConnectedServiceName": "d160e23d-4dcd-4026-ad57-10dd57f21390",
                         "PublishProfilePath": "$(System.DefaultWorkingDirectory)/**/*.pubxml",
                         "PublishProfilePassword": "",
                         "WebAppKind": "webApp",
                         "WebAppName": "$(WebsiteName)",
                         "DeployToSlotOrASEFlag": "true",
                         "ResourceGroupName": "$(ResourceGroupName)",
                         "SlotName": "staging",
                         "DockerNamespace": "",
                         "DockerRepository": "",
                         "DockerImageTag": "",
                         "VirtualApplication": "",
                         "Package": "$(System.DefaultWorkingDirectory)/_Parts-Unlimited-CI-import/drop/partsunlimited.zip",
                         "RuntimeStack": "",
                         "RuntimeStackFunction": "",
                         "StartupCommand": "",
                         "ScriptType": "",
                         "InlineScript": ":: You can provide your deployment commands here. One command per line.",
                         "ScriptPath": "",
                         "WebConfigParameters": "",
                         "AppSettings": "",
                         "ConfigurationSettings": "",
                         "UseWebDeploy": "false",
                         "DeploymentType": "webDeploy",
                         "TakeAppOfflineFlag": "true",
                         "SetParametersFile": "",
                         "RemoveAdditionalFilesFlag": "false",
                         "ExcludeFilesFromAppDataFlag": "true",
                         "AdditionalArguments": "-retryAttempts:6 -retryInterval:10000",
                         "RenameFilesFlag": "true",
                         "XmlTransformation": "false",
                         "XmlVariableSubstitution": "false",
                         "JSONFiles": ""
                      }
                   }
                ]
             }
          ],
          "environmentOptions": {
             "emailNotificationType": "OnlyOnFailure",
             "emailRecipients": "release.environment.owner;release.creator",
             "skipArtifactsDownload": false,
             "timeoutInMinutes": 0,
             "enableAccessToken": false,
             "publishDeploymentStatus": true,
             "badgeEnabled": false,
             "autoLinkWorkItems": false,
             "pullRequestDeploymentEnabled": false
          },
          "demands": [],
          "conditions": [
             {
                "name": "Dev",
                "conditionType": 2,
                "value": "4"
             }
          ],
          "executionPolicy": {
             "concurrencyCount": 1,
             "queueDepthCount": 0
          },
          "schedules": [],
          "currentRelease": {
             "id": 4,
             "url": "",
             "_links": {}
          },
          "retentionPolicy": {
             "daysToKeep": 30,
             "releasesToKeep": 3,
             "retainBuild": true
          },
          "processParameters": {},
          "properties": {},
          "preDeploymentGates": {
             "id": 0,
             "gatesOptions": null,
             "gates": []
          },
          "postDeploymentGates": {
             "id": 0,
             "gatesOptions": null,
             "gates": []
          },
          "environmentTriggers": [],
          "badgeUrl": ""
       },
       {
          "id": 4,
          "name": "Production",
          "rank": 3,
          "owner": {
             "displayName": "",
             "url": "",
             "_links": {
                "avatar": {
                   "href": ""
                }
             },
             "id": "7342e401-5056-46c5-83d9-755c4d98e3b5",
             "uniqueName": "",
             "imageUrl": "",
             "descriptor": ""
          },
          "variables": {},
          "variableGroups": [],
          "preDeployApprovals": {
             "approvals": [
                {
                   "rank": 1,
                   "isAutomated": true,
                   "isNotificationOn": false,
                   "id": 6
                }
             ],
             "approvalOptions": {
                "requiredApproverCount": null,
                "releaseCreatorCanBeApprover": false,
                "autoTriggeredAndPreviousEnvironmentApprovedCanBeSkipped": false,
                "enforceIdentityRevalidation": false,
                "timeoutInMinutes": 0,
                "executionOrder": 1
             }
          },
          "deployStep": {
             "id": 7
          },
          "postDeployApprovals": {
             "approvals": [
                {
                   "rank": 1,
                   "isAutomated": true,
                   "isNotificationOn": false,
                   "id": 12
                }
             ],
             "approvalOptions": {
                "requiredApproverCount": null,
                "releaseCreatorCanBeApprover": false,
                "autoTriggeredAndPreviousEnvironmentApprovedCanBeSkipped": false,
                "enforceIdentityRevalidation": false,
                "timeoutInMinutes": 0,
                "executionOrder": 2
             }
          },
          "deployPhases": [
             {
                "deploymentInput": {
                   "parallelExecution": {
                      "parallelExecutionType": 0
                   },
                   "skipArtifactsDownload": false,
                   "artifactsDownloadInput": {
                      "downloadInputs": [
                         {
                            "alias": "_Parts-Unlimited-CI-import",
                            "artifactType": "Build",
                            "artifactDownloadMode": "All",
                            "artifactItems": []
                         }
                      ]
                   },
                   "queueId": 11,
                   "demands": [],
                   "enableAccessToken": false,
                   "timeoutInMinutes": 0,
                   "jobCancelTimeoutInMinutes": 1,
                   "condition": "succeeded()",
                   "overrideInputs": {}
                },
                "rank": 1,
                "phaseType": 1,
                "name": "Agent job",
                "refName": null,
                "workflowTasks": [
                   {
                      "environment": {},
                      "taskId": "497d490f-eea7-4f2b-ab94-48d9c1acdcb1",
                      "version": "4.*",
                      "name": "Azure App Service Deploy: $(WebsiteName)",
                      "refName": "",
                      "enabled": true,
                      "alwaysRun": false,
                      "continueOnError": false,
                      "timeoutInMinutes": 0,
                      "definitionType": "task",
                      "overrideInputs": {},
                      "condition": "succeeded()",
                      "inputs": {
                         "ConnectionType": "AzureRM",
                         "ConnectedServiceName": "d160e23d-4dcd-4026-ad57-10dd57f21390",
                         "PublishProfilePath": "$(System.DefaultWorkingDirectory)/**/*.pubxml",
                         "PublishProfilePassword": "",
                         "WebAppKind": "webApp",
                         "WebAppName": "$(WebsiteName)",
                         "DeployToSlotOrASEFlag": "true",
                         "ResourceGroupName": "$(ResourceGroupName)",
                         "SlotName": "production",
                         "DockerNamespace": "",
                         "DockerRepository": "",
                         "DockerImageTag": "",
                         "VirtualApplication": "",
                         "Package": "$(System.DefaultWorkingDirectory)/_Parts-Unlimited-CI-import/drop/partsunlimited.zip",
                         "RuntimeStack": "",
                         "RuntimeStackFunction": "",
                         "StartupCommand": "",
                         "ScriptType": "",
                         "InlineScript": ":: You can provide your deployment commands here. One command per line.",
                         "ScriptPath": "",
                         "WebConfigParameters": "",
                         "AppSettings": "",
                         "ConfigurationSettings": "",
                         "UseWebDeploy": "false",
                         "DeploymentType": "webDeploy",
                         "TakeAppOfflineFlag": "true",
                         "SetParametersFile": "",
                         "RemoveAdditionalFilesFlag": "false",
                         "ExcludeFilesFromAppDataFlag": "true",
                         "AdditionalArguments": "-retryAttempts:6 -retryInterval:10000",
                         "RenameFilesFlag": "true",
                         "XmlTransformation": "false",
                         "XmlVariableSubstitution": "false",
                         "JSONFiles": ""
                      }
                   }
                ]
             }
          ],
          "environmentOptions": {
             "emailNotificationType": "OnlyOnFailure",
             "emailRecipients": "release.environment.owner;release.creator",
             "skipArtifactsDownload": false,
             "timeoutInMinutes": 0,
             "enableAccessToken": false,
             "publishDeploymentStatus": true,
             "badgeEnabled": false,
             "autoLinkWorkItems": false,
             "pullRequestDeploymentEnabled": false
          },
          "demands": [],
          "conditions": [
             {
                "name": "Staging",
                "conditionType": 2,
                "value": "4"
             }
          ],
          "executionPolicy": {
             "concurrencyCount": 1,
             "queueDepthCount": 0
          },
          "schedules": [],
          "currentRelease": {
             "id": 4,
             "url": "",
             "_links": {}
          },
          "retentionPolicy": {
             "daysToKeep": 30,
             "releasesToKeep": 3,
             "retainBuild": true
          },
          "processParameters": {},
          "properties": {},
          "preDeploymentGates": {
             "id": 0,
             "gatesOptions": null,
             "gates": []
          },
          "postDeploymentGates": {
             "id": 0,
             "gatesOptions": null,
             "gates": []
          },
          "environmentTriggers": [],
          "badgeUrl": ""
       }
    ],
    "artifacts": [
       {
          "sourceId": "19c8ce77-1dcb-4201-9ead-34238f8d4df0:3",
          "type": "Build",
          "alias": "_Parts-Unlimited-CI-import",
          "definitionReference": {
             "artifactSourceDefinitionUrl": {
                "id": "",
                "name": ""
             },
             "defaultVersionBranch": {
                "id": "",
                "name": ""
             },
             "defaultVersionSpecific": {
                "id": "",
                "name": ""
             },
             "defaultVersionTags": {
                "id": "",
                "name": ""
             },
             "defaultVersionType": {
                "id": "latestType",
                "name": "Latest"
             },
             "definition": {
                "id": "3",
                "name": "Parts-Unlimited-CI-import"
             },
             "definitions": {
                "id": "",
                "name": ""
             },
             "IsMultiDefinitionType": {
                "id": "False",
                "name": "False"
             },
             "project": {
                "id": "19c8ce77-1dcb-4201-9ead-34238f8d4df0",
                "name": "puimport"
             },
             "repository": {
                "id": "",
                "name": ""
             }
          },
          "isPrimary": true,
          "isRetained": false
       }
    ],
    "triggers": [
       {
          "artifactAlias": "_Parts-Unlimited-CI-import",
          "triggerConditions": [],
          "triggerType": 1
       }
    ],
    "releaseNameFormat": "Release-$(rev:r)",
    "tags": [],
    "pipelineProcess": {
       "type": 1
    },
    "properties": {
       "DefinitionCreationSource": {
          "$type": "System.String",
          "$value": "ReleaseImport"
       }
    },
    "id": 2,
    "name": "PUReldef1",
    "path": "\\",
    "projectReference": null,
    "url": "",
    "_links": {
       "self": {
          "href": ""
       },
       "web": {
          "href": ""
       }
    }
 }